S/N,Participant Name,Age,Sex,FBS/RBS (mg/dL),Systolic (mmHg),Diastolic (mmHg),Date,Location
1,Participant001,31,M,136,132,90,14-Sep-26,Echolab
2,Participant002,40,M,80,133,85,14-Sep-26,Echolab
3,Participant003,49,F,89,96,72,14-Sep-26,Echolab
4,Participant004,49,F,97,114,82,14-Sep-26,Echolab
5,Participant005,37,M,79,111,68,12-Sep-26,Echolab
6,Participant006,25,F,81,139,85,12-Sep-26,Echolab
7,Participant007,32,M,85.2,179,87,12-Sep-26,Echolab
8,Participant008,35,F,90.2,134,87,12-Sep-26,Echolab
9,Participant009,35,M,104.6,114,84,12-Sep-26,Echolab
10,Participant010,Ad,M,158.4,126,76,14-Sep-26,Echolab
11,Participant011,28,F,93.6,101,72,14-Sep-26,Echolab
12,Participant012,36,F,90,128,82,14-Sep-26,Echolab
13,Participant013,26,F,72,129,86,14-Sep-26,Echolab
14,Participant014,32,M,90,115,79,14-Sep-26,Echolab
15,Participant015,49,M,122.4,117,74,14-Sep-26,Echolab
16,Participant016,40,F,90,94,74,12-Sep-26,Echolab
17,Participant017,38,M,100.8,111,75,12-Sep-26,Echolab
18,Participant018,30,F,102.6,120,70,12-Sep-26,Echolab
19,Participant019,43,F,90.2,100,70,12-Sep-26,Echolab
20,Participant020,40,M,94.2,125,65,14-Sep-26,Echolab
21,Participant021,52,F,112.7,111,76,12-Sep-26,Echolab
22,Participant022,40,F,108,123,75,14-Sep-26,Echolab
23,Participant023,42,M,99,113,74,14-Sep-26,Echolab
24,Participant024,45,F,97.9,134,88,14-Sep-26,Echolab
25,Participant025,29,M,127.8,121,64,14-Sep-26,Echolab
26,Participant026,28,F,82.8,107,70,14-Sep-26,Echolab
27,Participant027,36,F,120.6,119,89,12-Sep-26,Echolab
28,Participant028,47,F,75.6,102,77,12-Sep-26,Echolab
29,Participant029,40,F,89.8,101,70,12-Sep-26,Echolab
30,Participant030,46,M,91.8,118,75,12-Sep-26,Echolab
31,Participant031,25,M,91,126,66,13-Sep-26,DDPA Estate
32,Participant032,40,M,116,132,88,13-Sep-26,DDPA Estate
33,Participant033,22,M,100,127,82,13-Sep-26,DDPA Estate
34,Participant034,26,F,112,105,70,13-Sep-26,DDPA Estate
35,Participant035,30,M,83,133,87,13-Sep-26,DDPA Estate
36,Participant036,42,M,75,140,93,14-Sep-26,DDPA Estate
37,Participant037,28,F,99,127,73,13-Sep-26,DDPA Estate
38,Participant038,24,F,88,105,66,13-Sep-26,DDPA Estate
39,Participant039,30,M,72,139,67,14-Sep-26,DDPA Estate
40,Participant040,25,F,126,113,91,13-Sep-26,DDPA Estate
41,Participant041,29,F,102,118,90,13-Sep-26,DDPA Estate
42,Participant042,48,F,167,116,79,13-Sep-26,DDPA Estate
43,Participant043,21,F,96.2,101,67,13-Sep-26,DDPA Estate
44,Participant044,20,F,100,101,82,14-Sep-26,DDPA Estate
45,Participant045,45,F,89,120,72,14-Sep-26,DDPA Estate
46,Participant046,21,F,80,119,75,14-Sep-26,DDPA Estate
47,Participant047,Ad,M,84,130,73,15-Sep-26,Lifestream
48,Participant048,Ad,M,91,153,98,15-Sep-26,Lifestream
49,Participant049,29,F,77,98,56,15-Sep-26,Lifestream
50,Participant050,32,F,84,119,70,15-Sep-26,Lifestream
